,,,,,,,,,,,,,,">> æ–°å»ºçš„æå“è¡¨ å¯æ”¾é€™
https://drive.google.com/drive/folders/1Ntc0tRYUkbVGJThRKXhpazJgLZsNA7Bm",,,,,
shopid,userid,mst seller type,affi cat,username,shop_name,shoplink,sg user,my user,SG link,MY link,SG Shop ID,MY Shop ID,æå“è¡¨åç¨±,æå“è¡¨é€£çµ,new_sheet,via,group_name,å…«æœˆOSPå®Œæˆ,å…«æœˆOSP notes
11527054,11528355,Mall,Beauty,s3beauty,å°ä¸‰ç¾æ—¥,https://shopee.tw/s3beauty,s3beauty.sg,s3beauty.os,https://shopee.sg/s3beauty.sg,https://shopee.com.my/s3beauty.os,117069243,115506654,s3beauty-å°ä¸‰ç¾æ—¥ x è¦çš®å°ç£è·¨å¢ƒ,https://docs.google.com/spreadsheets/d/1Szrba4bLoQ6tsemb4jL_YZltKpQsdLMaxCIB7XexnVo/edit#gid=1788480363,https://docs.google.com/spreadsheets/d/1kbHZAGh_t-dBhAm70Hl3OHiE16fZK59vFp-lxafc2MY/edit#gid=1788480363,SK,å°ä¸‰ç¾æ—¥ X è¦çš®å°ç£è·¨å¢ƒ,FALSE,
33206500,33207884,Mall,Health,cosmed.tw,åº·æ˜¯ç¾,https://shopee.tw/cosmed.tw,cosmed.sg,cosmed.tw.os,https://shopee.sg/cosmed.sg,https://shopee.com.my/cosmed.tw.os,187003011,187002992,cosmed.tw-åº·æ˜¯ç¾ x è¦çš®å°ç£è·¨å¢ƒ,https://docs.google.com/spreadsheets/d/1cDDqh3YJMiJqwUYNt1feDxEwRF3XSLoTyo2w9JGmUFk/edit#gid=2125222628,https://docs.google.com/spreadsheets/d/16nB_j0ltRTNnRd5PxzQudEWGSj3QF2D9SAOYa2u__so/edit?usp=drive_link,line,åº·æ˜¯ç¾ X è¦çš®å°ç£è·¨å¢ƒ,FALSE,
159834670,159836716,Mall,Books & Magazines,taaze.tw,TAAZEè®€å†Šç”Ÿæ´»ç¶²è·¯æ›¸åº—,https://shopee.tw/taaze.tw,taaze.sg,taaze.os,https://shopee.sg/taaze.sg,https://shopee.com.my/taaze.os,278337713,278337628,taaze.tw-TAAZEè®€å†Šç”Ÿæ´»ç¶²è·¯æ›¸åº— x è¦çš®å°ç£è·¨å¢ƒ,https://docs.google.com/spreadsheets/d/1FAGGyPMjY24FxWcSSIPIN1lsTBfYxwZv3MgOZfdluAA/edit#gid=861667310,https://docs.google.com/spreadsheets/d/1MhU3DzDQ2ke_l-zsAp1k6sdoV8idwBnlEI5LCFPz1Hs/edit?usp=drivesdk,line,è®€å†Š x è¦çš®è·¨å¢ƒ,TRUE,
2809614,2810896,C2C,Beauty,vulru6xu4,å¿«æ¨‚å°é‹ª,https://shopee.tw/vulru6xu4,vulru6xu4.sg,vulru6xu4.my,https://shopee.sg/vulru6xu4.sg,https://shopee.com.my/vulru6xu4.my,208794896,208794853,vulru6xu4-å¿«æ¨‚å°é‹ª x è¦çš®å°ç£è·¨å¢ƒ,-,https://docs.google.com/spreadsheets/d/1AwIwfqpI8B_k13BwNuuFMOGcbHC5iEkG8PIqEAXLbQE/edit?usp=drivesdk,line,ğŸŒŸå¿«æ¨‚å°é‹ªğŸŒŸ X è¦çš®å°ç£è·¨å¢ƒ,FALSE,
9657861,9659158,Preferred,Sports & Outdoors,kaijet5335,å‡±å°‡é«”è‚² ç¾½çƒå°ˆè³£åº—,https://shopee.tw/kaijet5335,kaijet5335.sg,kaijet5335.my,https://shopee.sg/kaijet5335.sg,https://shopee.com.my/kaijet5335.my,201835663,201835644,kaijet5335-åŠ›æšé«”è‚² ç¾½çƒå°ˆè³£åº— x è¦çš®å°ç£è·¨å¢ƒ,https://docs.google.com/spreadsheets/d/13riiLsmgoMFW9LaeKhax4vzgYkUR28tThXXVYDDzBXA/edit#gid=0,https://docs.google.com/spreadsheets/d/1gKia4dNLDq0RT5dqDJ6ANVivpzxq80UtHiBdcUSOmec/edit?usp=drivesdk,(åŠ›æšé«”è‚²) line,åŠ›æšé«”è‚² x å°ç£è¦çš®è·¨å¢ƒ,FALSE,
1873540,1874907,Preferred,Sports & Outdoors,speedpark,ã€é€Ÿåº¦å…¬åœ’è‡ªè¡Œè»Šç™¾è²¨ã€‘,https://shopee.tw/speedpark,speedpark.sg,speedpark.my,https://shopee.sg/speedpark.sg,https://shopee.com.my/speedpark.my,182261208,182261195,speedpark-ã€é€Ÿåº¦å…¬åœ’è‡ªè¡Œè»Šç™¾è²¨ã€‘ x è¦çš®å°ç£è·¨å¢ƒ,-,https://docs.google.com/spreadsheets/d/1DnNa8xqq9Olu5DVAgGu9Uga8-NAc5cdU5ZZHmv5j5I0/edit?usp=drivesdk,line,speedparké€Ÿåº¦å…¬åœ’è‡ªè¡Œè»Šç™¾è²¨ X è¦çš®å°ç£è·¨å¢ƒ,FALSE,
7973660,7974955,Preferred,Home & Living,liang0318,ä¸­å´™äº”é‡‘,https://shopee.tw/liang0318,liang0318vh.sg,liang0318ds.my,https://shopee.sg/liang0318vh.sg,https://shopee.com.my/liang0318ds.my,848593977,848594460,liang0318-ä¸­å´™äº”é‡‘ x è¦çš®å°ç£è·¨å¢ƒ,-,https://docs.google.com/spreadsheets/d/15rZ3poOXyxMKftOkIhwVBVnTWch5kS3dn_UDPnK4N20/edit?usp=drivesdk,line,ä¸­å´™äº”é‡‘ x å°ç£è¦çš®è·¨å¢ƒ,FALSE,
6049560,6050867,C2C,Beauty,a0931725106,a0931725106,https://shopee.tw/a0931725106,a0931725106.sg,a0931725106.my,https://shopee.sg/a0931725106.sg,https://shopee.com.my/a0931725106.my,332239251,332239841,a0931725106-a0931725106 x è¦çš®å°ç£è·¨å¢ƒ,-,https://docs.google.com/spreadsheets/d/1Yz-0fwUw_JFXbsvYHdc6XpkUMVqpooj0Vo9rqZ6mr1I/edit?usp=drivesdk,line,a0931725106 X è¦çš®å°ç£è·¨å¢ƒ,FALSE,
17483384,17484720,Preferred,Sports & Outdoors,t.e_fishingstore,æ¡ƒåœ’æ±å€é‡£å…·,https://shopee.tw/t.e_fishingstore,t.e_fishingstore.sg,t.e_fishingstore.my,https://shopee.sg/t.e_fishingstore.sg,https://shopee.com.my/t.e_fishingstore.my,215569996,215569988,t.e_fishingstore-æ¡ƒåœ’æ±å€é‡£å…· x è¦çš®å°ç£è·¨å¢ƒ,-,https://docs.google.com/spreadsheets/d/1kLkr_DNR2lagiTMW6Pzj1xSGIPLWodXbbJ75ahF0-I4/edit?usp=drivesdk,line,æ¡ƒåœ’æ±å€é‡£å…· x å°ç£è¦çš®è·¨å¢ƒ,FALSE,
3844217,3845500,C2C,Hobbies & Collections,peter0916337749,è€å¤†ç©å…·,https://shopee.tw/peter0916337749,peter0916337749.sg,peter0916337749.my,https://shopee.sg/peter0916337749.sg,https://shopee.com.my/peter0916337749.my,308085339,308085801,peter0916337749-è€å¤†ç©å…· x è¦çš®å°ç£è·¨å¢ƒ,https://docs.google.com/spreadsheets/d/1FJYfQ3-czQJud7ICjIdGoS3JRr6kq-rV3tkaMAwub4k/edit#gid=0,https://docs.google.com/spreadsheets/d/12LRIJmEI-s8YLVDZDI3VxvGAzuHTKz09XXyaGvF1bgg/edit?usp=drivesdk,line,è€å¤†ç©å…· x å°ç£è¦çš®è·¨å¢ƒ,FALSE,
14202125,14203429,Preferred,Hobbies & Collections,hiroso,HEROæˆ°é¬¥é™€èºå°ˆè³£åº—,https://shopee.tw/hiroso,hiroso.sg,hiroso.my,https://shopee.sg/hiroso.sg,https://shopee.com.my/hiroso.my,213610484,213610472,hiroso-HEROæˆ°é¬¥é™€èºå°ˆè³£åº— x è¦çš®å°ç£è·¨å¢ƒ,-,https://docs.google.com/spreadsheets/d/16P1nfqRP0WSRNwOOMhFI092DVFYvii8YjFJADmlevvE/edit?usp=drivesdk,line,HEROæˆ°é¬¥é™€èºå°ˆè³£åº— x å°ç£è¦çš®è·¨å¢ƒ,TRUE,
7672877,7674169,C2C,Gaming & Consoles,a0424515151,TVGAME360 æé¾é›»ç© æé¾ç¶­ä¿®ä¸­å¿ƒ,https://shopee.tw/a0424515151,a0424515151dw.sg,a0424515151kg.my,https://shopee.sg/a0424515151dw.sg,https://shopee.com.my/a0424515151kg.my,758515933,758516165,a0424515151-TVGAME360 æé¾é›»ç© æé¾ç¶­ä¿®ä¸­å¿ƒ x è¦çš®å°ç£è·¨å¢ƒ,-,https://docs.google.com/spreadsheets/d/1pgjqDiqnDu-jg9ga_9wsOxAEXPaMvUjCkRwKyYip0j4/edit?usp=drivesdk,line,TVGAME360 æé¾é›»ç© x å°ç£è¦çš®è·¨å¢ƒ,FALSE,
483263943,483283521,Mall,Beauty,kaibeautyofficial,KAIBEAUTY å®˜æ–¹æ——è‰¦åº—,https://shopee.tw/kaibeautyofficial,kaibeautyofficial.sg,kaibeautyofficial.os,https://shopee.sg/kaibeautyofficial.sg,https://shopee.com.my/kaibeautyofficial.os,625909444,625909129,kaibeautyofficial-KAIBEAUTY å®˜æ–¹æ——è‰¦åº— x è¦çš®å°ç£è·¨å¢ƒ,https://docs.google.com/spreadsheets/d/1yd6Dz_djp_c8S-B_5pog8bFjDFscabRgAdPuV1RLg64/edit,https://docs.google.com/spreadsheets/d/1ancYAU47opdtQMRfx3bPvCTXG1uZ7gDUUzOVd6TShvk/edit?usp=drivesdk,line,KAIBEAUTY å®˜æ–¹æ——è‰¦åº— x è¦çš®å°ç£è·¨å¢ƒ,FALSE,
66936223,66937680,Preferred,Food & Beverages,allenlin017,æ¨‚æ„›è³¼Shopping,https://shopee.tw/allenlin017,allenlin017.sg,allenlin017.my,https://shopee.sg/allenlin017.sg,https://shopee.com.my/allenlin017.my,187008895,187008870,allenlin017-æ¨‚æ„›è³¼Shopping x è¦çš®å°ç£è·¨å¢ƒ,https://docs.google.com/spreadsheets/d/1iTXQBcJv83l8FBL1ls2XVD4SvaM6jp5GOPEXGc8vYIQ/edit,https://docs.google.com/spreadsheets/d/1wZRNY8GSGbkoD--p4X73B7jYeKxdl7uDUqB3-YMz4VU/edit?usp=drivesdk,line,æ¨‚æ„›è³¼ x é˜¿ç¦æœ¬èˆ– x è¦çš®å°ç£è·¨å¢ƒ,FALSE,
39788902,39790288,C2C,Mom & Baby,d9577260,JCT ä½³å¥‡ç©å…·â€§ç¬é–“ç‹å››é©…è»Š,https://shopee.tw/d9577260,d9577260pc.sg,d9577260iq.my,https://shopee.sg/d9577260pc.sg,https://shopee.com.my/d9577260iq.my,616943293,616942869,d9577260-JCT ä½³å¥‡ç©å…·â€§ç¬é–“ç‹å››é©…è»Š x è¦çš®å°ç£è·¨å¢ƒ,-,https://docs.google.com/spreadsheets/d/1XK90F-YeUxWz9S8uOr160cQpiBd6Ob8Paaq2olrNcLo/edit?usp=drivesdk,line,JCTä½³å¥‡ç©å…· X è¦çš®å°ç£è·¨å¢ƒ,TRUE,
364683762,364703339,Mall,Beauty,soloneofficial,Soloneå®˜æ–¹æ——è‰¦é¤¨,https://shopee.tw/soloneofficial,soloneofficial.sg,soloneofficial.os,https://shopee.sg/soloneofficial.sg,https://shopee.com.my/soloneofficial.os,446594231,446593694,soloneofficial-Soloneå®˜æ–¹æ——è‰¦é¤¨ x è¦çš®å°ç£è·¨å¢ƒ,https://docs.google.com/spreadsheets/d/1MuO3EZkGSNn4FAuG5CiFVyKp3-lzZsL01QwVpuz8yHo/edit#gid=733317056,https://docs.google.com/spreadsheets/d/1r7S1hREZt-QAiFgCiR4CReN_PmOY3xD5Y8FN6EIqRE8/edit?usp=drivesdk,line,Soloneå®˜æ–¹æ——è‰¦é¤¨ x è¦çš®å°ç£è·¨å¢ƒ,TRUE,
2541938,2543217,Preferred,Beauty,oceanstar,â­ï¸oceanstarâ­ï¸,https://shopee.tw/oceanstar,oceanstar.sg,oceanstar.my,https://shopee.sg/oceanstar.sg,https://shopee.com.my/oceanstar.my,285394345,285395852,oceanstar-â­ï¸oceanstarâ­ï¸ x è¦çš®å°ç£è·¨å¢ƒ,-,https://docs.google.com/spreadsheets/d/1Hjm5-1X5cKCRWeBN6T54TivpCJQcpoqRgcx4h9JiaBE/edit?usp=drivesdk,line,oceanstar x è¦çš®å°ç£è·¨å¢ƒ,TRUE,
3603448,3604820,C2C,Hobbies & Collections,hanikceo,ï¼ˆæ¼¢è¬šï¼‰é›»è…¦çµ„è£ ç›£è¦–å™¨å·¥ç¨‹ å››é©…è»Šæ¨¡å‹,https://shopee.tw/hanikceo,hanikceo.sg,hanikceo.my,https://shopee.sg/hanikceo.sg,https://shopee.com.my/hanikceo.my,296264101,296262889,hanikceo-ï¼ˆæ¼¢è¬šï¼‰é›»è…¦çµ„è£ ç›£è¦–å™¨å·¥ç¨‹ å››é©…è»Šæ¨¡å‹ x è¦çš®å°ç£è·¨å¢ƒ,-,https://docs.google.com/spreadsheets/d/1q59lV-409W4sYD1eP7H-Mx2GF4Qu4143EwLcD4HRkpw/edit?usp=drivesdk,line,æ¼¢è¬š Hanik x å°ç£è¦çš®è·¨å¢ƒ,FALSE,
17408722,17410058,Preferred,Hobbies & Collections,march0862,é«˜é›„ ALL STARS SPORTS å¡åº—,https://shopee.tw/march0862,march0862fr.sg,march0862o6.my,https://shopee.sg/march0862fr.sg,https://shopee.com.my/march0862o6.my,872790886,872789517,march0862-é«˜é›„ ALL STARS SPORTS å¡åº— x è¦çš®å°ç£è·¨å¢ƒ,-,https://docs.google.com/spreadsheets/d/1UhmqeW_C7hEUqtAV_-mAynRcrcTBKN1h-tRw2MppcwM/edit?usp=drivesdk,line,é«˜é›„ ALL STARS SPORTS å¡åº— x å°ç£è¦çš®è·¨å¢ƒ,FALSE,
32687380,32688764,Mall,Beauty,lovely_essence,essenceè‰¾æ£®çµ² å®˜æ–¹æ——è‰¦åº—,https://shopee.tw/lovely_essence,lovely_essence.sg,lovely_essence.os,https://shopee.sg/lovely_essence.sg,https://shopee.com.my/lovely_essence.os,290316151,290315828,lovely_essence-essenceè‰¾æ£®çµ² å®˜æ–¹æ——è‰¦åº— x è¦çš®å°ç£è·¨å¢ƒ,https://docs.google.com/spreadsheets/d/15Q2-fwo8u_tNyMd782ZrnonhL6hZI4Xq6b4Up9ZPdYw/edit#gid=484768059,https://docs.google.com/spreadsheets/d/1UkWRK5AqwXKsf0m8WQgcv8FrMLYMkAKdZEcf8o-nOpw/edit?usp=drivesdk,line,essenceè‰¾æ£®çµ² x å°ç£è¦çš®è·¨å¢ƒ,FALSE,
61113835,61115277,C2C,Food & Beverages,sally961009,æ„›çš„å°èˆ–_å¥½å¸‚å¤šä»£è³¼,https://shopee.tw/sally961009,sally961009gd.sg,sally96100916.my,https://shopee.sg/sally961009gd.sg,https://shopee.com.my/sally96100916.my,915734671,915733057,sally961009-æ„›çš„å°èˆ–_å¥½å¸‚å¤šä»£è³¼ x è¦çš®å°ç£è·¨å¢ƒ,-,https://docs.google.com/spreadsheets/d/1qezgxchee2nPJRSrty7Tml4usBrex5b2Cln9ypW9k78/edit?usp=drivesdk,èŠèŠ,,FALSE,
160282721,160284785,Preferred,Home & Living,accessories1234,R.Cç¿å‚‘å·¥æ¥­-EVAæ³¡æ£‰ EVAç™¼æ³¡æ¿,https://shopee.tw/accessories1234,accessories1234.sg,accessories1234.my,https://shopee.sg/accessories1234.sg,https://shopee.com.my/accessories1234.my,296265412,296265221,accessories1234-R.Cç¿å‚‘å·¥æ¥­-EVAæ³¡æ£‰ EVAç™¼æ³¡æ¿ x è¦çš®å°ç£è·¨å¢ƒ,-,https://docs.google.com/spreadsheets/d/1Xav7g5OMUo-aA7SluqbF_aH0R1ewznnNS_WTSEcegw4/edit?usp=drivesdk,line,ç¿å‚‘æ©¡å¡‘è† å·¥æ¥­ x è¦çš®å°ç£è·¨å¢ƒ,FALSE,
2128673,2130232,Preferred,Pets,cl3t711,å¤§é¸šå¸åœ‹(å°ç£),https://shopee.tw/cl3t711,cl3t711.sg,cl3t711.my,https://shopee.sg/cl3t711.sg,https://shopee.com.my/cl3t711.my,184623745,184623726,cl3t711-å¤§é¸šå¸åœ‹(å°ç£) x è¦çš®å°ç£è·¨å¢ƒ,-,https://docs.google.com/spreadsheets/d/1MR_AVoqZ2SIKy0cPX0kqcEYHvejTO8bmhscWOp9UrMw/edit?usp=drivesdk,line,å¤§é¸šå¸åœ‹å…¨çƒç²¾å“é¤¨ x è¦çš®è·¨å¢ƒ,FALSE,
140553624,140555448,C2C,Pets,jf0912570980,å‰å‰è²“ç‹—ç«™,https://shopee.tw/jf0912570980,jf0912570980.sg,jf0912570980.my,https://shopee.sg/jf0912570980.sg,https://shopee.com.my/jf0912570980.my,273298194,273298647,jf0912570980-å‰å‰è²“ç‹—ç«™ x è¦çš®å°ç£è·¨å¢ƒ,-,https://docs.google.com/spreadsheets/d/1Z7yybUe4lCZZWdwyaITBP8NDUqnwr5boNkKA218esXg/edit?usp=drivesdk,line,,FALSE,
42902993,42904379,C2C,Sports & Outdoors,daniel0329,æˆéš†é«”è‚²é‹å‹•ç”¨å“,https://shopee.tw/daniel0329,daniel0329.sg,daniel0329.my,https://shopee.sg/daniel0329.sg,https://shopee.com.my/daniel0329.my,250425525,250425512,daniel0329-æˆéš†é«”è‚²é‹å‹•ç”¨å“ x è¦çš®å°ç£è·¨å¢ƒ,-,https://docs.google.com/spreadsheets/d/18Rygq7_dP2Tu8jo2jfr76qJVShl3k1ga6pLX24SupJI/edit?usp=drivesdk,èŠèŠ,,FALSE,
5081055,5082348,C2C,Mom & Baby,ww0986662221,ğŸ¡å¨ƒå¨ƒæ¨‚åœ’ğŸ¡,https://shopee.tw/ww0986662221,ww0986662221.sg,ww0986662221.my,https://shopee.sg/ww0986662221.sg,https://shopee.com.my/ww0986662221.my,219530419,219530411,ww0986662221-ğŸ¡å¨ƒå¨ƒæ¨‚åœ’ğŸ¡ x è¦çš®å°ç£è·¨å¢ƒ,-,https://docs.google.com/spreadsheets/d/1citt9CRNAB-rsOc58loxXmuF5SOrFMjZWVqS6KyBkFI/edit?usp=drivesdk,line,,FALSE,
9000399,9001695,Preferred,Home & Living,ts0627,ğŸŒ»å‘æ—¥è‘µæ—¥é›œè²¨ğŸŒ»,https://shopee.tw/ts0627,ts0627.sg,ts0627.my,https://shopee.sg/ts0627.sg,https://shopee.com.my/ts0627.my,278347923,278347378,ts0627-ğŸŒ»å‘æ—¥è‘µæ—¥é›œè²¨ğŸŒ» x è¦çš®å°ç£è·¨å¢ƒ,-,https://docs.google.com/spreadsheets/d/1CxKcQYVbnzYBCYDd-5JOIMqm2x_wmvSk-0YBSPi6as8/edit?usp=drivesdk,line,,FALSE,
2691397,2692679,Preferred,Sports & Outdoors,jasonct88,è…¸å‹è» è¦é¤Œã€å¤©å¹³ã€æ§ç®±ã€é‡£è¦ç·šçµ„ã€é‡£å…·,https://shopee.tw/jasonct88,jasonct88.sg,jasonct88.my,https://shopee.sg/jasonct88.sg,https://shopee.com.my/jasonct88.my,287931455,287930842,jasonct88-è…¸å‹è» è¦é¤Œã€å¤©å¹³ã€æ§ç®±ã€é‡£è¦ç·šçµ„ã€é‡£å…· x è¦çš®å°ç£è·¨å¢ƒ,-,https://docs.google.com/spreadsheets/d/1Xrd8QWmrvpIDMxPh2sEHbpVI6L-wEzGiCsEi8yE4XzY/edit?usp=drivesdk,èŠèŠ,,FALSE,
40883979,40885365,Mall,Beauty,st28623422,St.Clareè–å…‹èŠçˆ¾ å®˜æ–¹æ——è‰¦åº—,https://shopee.tw/st28623422,st28623422.sg,st28623422.os,https://shopee.sg/st28623422.sg,https://shopee.com.my/st28623422.os,212084127,212084109,st28623422-St.Clareè–å…‹èŠçˆ¾ å®˜æ–¹æ——è‰¦åº— x è¦çš®å°ç£è·¨å¢ƒ,https://docs.google.com/spreadsheets/d/1m0w3A8GH7P7o5fTVULCzbYBwBC7gvB6-mzYRkEYKKM8/edit#gid=587439066,https://docs.google.com/spreadsheets/d/1S4JmxLBBhmB_510yuRRhBq70Niv_UDhnHaOvKDMT1OM/edit?usp=drivesdk,line,St.Clareè–å…‹èŠçˆ¾ x å°ç£è¦çš®è·¨å¢ƒ,TRUE,
1801802,1803126,Mall,Food & Beverages,sanweifood,ä¸‰å‘³é£Ÿå“,https://shopee.tw/sanweifood,sanweifood.sg,sanweifood.os,https://shopee.sg/sanweifood.sg,https://shopee.com.my/sanweifood.os,132644360,133246712,sanweifood-ä¸‰å‘³é£Ÿå“ x è¦çš®å°ç£è·¨å¢ƒ,-,https://docs.google.com/spreadsheets/d/1xNK4E8Bf0nJBcYZWiYWBN-xv_gw-oMcU_XjPkJDlmS0/edit?usp=drivesdk,line,[æµ·å¤–å°ˆé¤¨] ä¸‰å‘³é£Ÿå“ X è¦çš®è·¨å¢ƒ,TRUE,
607849623,607869208,Mall,Beauty,truutw,TRUU ç«¥,https://shopee.tw/truutw,truutwjj.sg,truutw.os,https://shopee.sg/truutwjj.sg,https://shopee.com.my/truutw.os,734353170,734353383,truutw-TRUU ç«¥ x è¦çš®å°ç£è·¨å¢ƒ,https://docs.google.com/spreadsheets/d/1tYbIUP5oZJWaL5imXAEpdGqV49O1BsQdecN4fnPuSkY/edit#gid=535571589,https://docs.google.com/spreadsheets/d/15q112dujYVLALHhjOQLMmpcH_97n2hiPpdj_pehOh_E/edit?usp=drivesdk,line,TRUU ç«¥ x è¦çš®å°ç£è·¨å¢ƒ,FALSE,
18653534,18654870,Mall,Sports & Outdoors,xinpower,XinPoweré‹å‹•æµè¡Œé¤¨,https://shopee.tw/xinpower,xinpower.sg,xinpower.os,https://shopee.sg/xinpower.sg,https://shopee.com.my/xinpower.os,212060525,212060508,xinpower-XinPoweré‹å‹•æµè¡Œé¤¨ x è¦çš®å°ç£è·¨å¢ƒ,https://docs.google.com/spreadsheets/d/1Eg_ys9diO6M47knHYHfv7kAbFuEvGgJQ_QljOQJxK6Y/edit#gid=0,https://docs.google.com/spreadsheets/d/1Vh-AiiwB0lWiPv2TQ6a1e9ehdz6hzAPZeinwRbI3Y6Y/edit?usp=drivesdk,line,XinPoweré‹å‹•æµè¡Œé¤¨ x å°ç£è¦çš®è·¨å¢ƒ,FALSE,
41424754,41426140,C2C,Sports & Outdoors,irix300,èƒ–è™å–®è»Š GIAN BIKE SHOP,https://shopee.tw/irix300,irix300.sg,irix300.my,https://shopee.sg/irix300.sg,https://shopee.com.my/irix300.my,217566950,217566930,irix300-èƒ–è™å–®è»Š GIAN BIKE SHOP x è¦çš®å°ç£è·¨å¢ƒ,-,https://docs.google.com/spreadsheets/d/11PkzwVt9kEoXThSwG89qpDdzHgYTcFkjosfxkavFSKc/edit?usp=drivesdk,line,èƒ–è™å–®è»Š x å°ç£è¦çš®è·¨å¢ƒ,FALSE,
3549606,3550926,C2C,Beauty,bellallo,é¦¬ä¸åœå°èˆ–,https://shopee.tw/bellallo,bellallo.sg,bellallo.my,https://shopee.sg/bellallo.sg,https://shopee.com.my/bellallo.my,211924560,211924542,bellallo-é¦¬ä¸åœå°èˆ– x è¦çš®å°ç£è·¨å¢ƒ,-,https://docs.google.com/spreadsheets/d/1v0m1w5ZQsYoOko9PX3XVAzSlvZ4Pmv7rthWLfJtoLQQ/edit?usp=drivesdk,line,é¦¬ä¸åœå°èˆ– x è¦çš®å°ç£è·¨å¢ƒ,FALSE,
49769715,49771103,Preferred,Home & Living,yamada2232,å±±ç”°å®‰å…¨é˜²è­·,https://shopee.tw/yamada2232,yamada2232.sg,yamada2232.my,https://shopee.sg/yamada2232.sg,https://shopee.com.my/yamada2232.my,261654788,261654764,yamada2232-å±±ç”°å®‰å…¨é˜²è­· x è¦çš®å°ç£è·¨å¢ƒ,https://docs.google.com/spreadsheets/d/1zUL4RVd1TgTi_ACZEQOpkiYdeckVL1_Ky6mTSTV_WjE/edit#gid=1045884204,https://docs.google.com/spreadsheets/d/1jwfcZI_dYWNTsOz5dG2jxmoEjy0PkEU-gWJ3xkW87Tk/edit?usp=drivesdk,line,å±±ç”°å®‰å…¨é˜²è­· X è¦çš®å°ç£è·¨å¢ƒ,FALSE,
51498689,51500077,Mall,Beauty,saholea,SAHOLEAæ£®æ­é»æ¼¾,https://shopee.tw/saholea,saholea.sg,saholea.os,https://shopee.sg/saholea.sg,https://shopee.com.my/saholea.os,129395721,127676080,saholea-SAHOLEAæ£®æ­é»æ¼¾ x è¦çš®å°ç£è·¨å¢ƒ,https://docs.google.com/spreadsheets/d/1wJcn8Z0prvew3MMn-_VWKajyxhPXVJfN4q8qK_pPdMQ/edit#gid=1776929884,https://docs.google.com/spreadsheets/d/1SwcD1w4uTJBxbRJiiyG3OKT3WSSj1Q8qngUmFHL1ZHk/edit?usp=drivesdk,line,æ£®æ­é»æ¼¾SAHOLEA X  è¦çš®å°ç£è·¨å¢ƒ,TRUE,
21507356,21508693,Mall,Mom & Baby,howowo,å¥½å¨ƒå¨ƒè¦ªå­ç”Ÿæ´»é¤¨ã€å¹³æ—¥å…©é»å‰ä¸‹è¨‚ï¼Œç¾è²¨éƒ½èƒ½ç•¶å¤©æ›¿æ‚¨å¯„å‡ºã€‘,https://shopee.tw/howowo,howowo.sg,howowo.os,https://shopee.sg/howowo.sg,https://shopee.com.my/howowo.os,212058493,212058481,howowo-å¥½å¨ƒå¨ƒè¦ªå­ç”Ÿæ´»é¤¨ã€å¹³æ—¥å…©é»å‰ä¸‹è¨‚ï¼Œç¾è²¨éƒ½èƒ½ç•¶å¤©æ›¿æ‚¨å¯„å‡ºã€‘ x è¦çš®å°ç£è·¨å¢ƒ,https://docs.google.com/spreadsheets/d/1_OLJpaVAtN5VazsrwFL98xxDgUhFXdptOWNVR4DHWAQ/edit#gid=135640295,https://docs.google.com/spreadsheets/d/1iljUrTuW6SQAiWdE91pBvf16TIE-nwsVSlE3ANV9hU8/edit?usp=drivesdk,line,å¥½å¨ƒå¨ƒ x è¦çš®å°ç£è·¨å¢ƒ,FALSE,
1072445,1073230,C2C,Beauty,goldapple.tw,æ·¨å¦ç¾è‚Œ(å…¨åº—çš†æ­£å“å…¬å¸è²¨ç„¡é¢äº¤ç„¡è‡ªå–),https://shopee.tw/goldapple.tw,goldapple.sg,goldapple.tw.my,https://shopee.sg/goldapple.sg,https://shopee.com.my/goldapple.tw.my,182083587,182083568,goldapple.tw-æ·¨å¦ç¾è‚Œ(å…¨åº—çš†æ­£å“å…¬å¸è²¨ç„¡é¢äº¤ç„¡è‡ªå–) x è¦çš®å°ç£è·¨å¢ƒ,-,https://docs.google.com/spreadsheets/d/1lgekBfcFJGSwS3peM5OXqVH196RNFoSQKRRF09cwtfE/edit?usp=drivesdk,line,,FALSE,
18657451,18658787,Preferred,Sports & Outdoors,lohasbike,ã€æ¨‚æ´»å¼å–®è»Šé¤¨-LohasBikeã€,https://shopee.tw/lohasbike,lohasbike.sg,lohasbike.my,https://shopee.sg/lohasbike.sg,https://shopee.com.my/lohasbike.my,273298278,273298704,lohasbike-ã€æ¨‚æ´»å¼å–®è»Šé¤¨-LohasBikeã€ x è¦çš®å°ç£è·¨å¢ƒ,-,https://docs.google.com/spreadsheets/d/1kMwbpvmLOPGD3exb8UiJr1VsoYuk8LbbrTw1Rk-brjw/edit?usp=drivesdk,line,æ¨‚æ´»å¼å–®è»Šé¤¨ x å°ç£è¦çš®è·¨å¢ƒ,FALSE,
2739654,2740936,C2C,Hobbies & Collections,boynds,eYeæ”å½± - ç¶²è·¯éŠ·å”®/å¯¦é«”é–€å¸‚,https://shopee.tw/boynds,boynds.sg,boynds.my,https://shopee.sg/boynds.sg,https://shopee.com.my/boynds.my,211915130,211915110,boynds-eYeæ”å½± - ç¶²è·¯éŠ·å”®/å¯¦é«”é–€å¸‚ x è¦çš®å°ç£è·¨å¢ƒ,-,https://docs.google.com/spreadsheets/d/1D6f1pal1_iwiHqZ0Hz8FpjqObiKeyRhTQ66aobug-0E/edit?usp=drivesdk,line,eYeæ”å½± X è¦çš®å°ç£è·¨å¢ƒ,FALSE,
25726131,25727467,Mall,Women Shoes,ifufa,å¯Œç™¼ç‰Œ,https://shopee.tw/ifufa,ifufa.sg,ifufa.os,https://shopee.sg/ifufa.sg,https://shopee.com.my/ifufa.os,212057992,212057974,ifufa-å¯Œç™¼ç‰Œ x è¦çš®å°ç£è·¨å¢ƒ,https://docs.google.com/spreadsheets/d/1s2lr3qVnv69imJRl67ZzZFw1Ygr0cYUzl6iiCqslqDE/edit#gid=2120086484,https://docs.google.com/spreadsheets/d/1yfLaw3pXoK6836uGsIIYoS-VqYA9IOAc2ztLga1AsQo/edit?usp=drivesdk,line,å¯Œç™¼ç‰Œifufa X è¦çš®è·¨å¢ƒ,FALSE,
12688399,12689702,C2C,Sports & Outdoors,bikegang,BIKEgang,https://shopee.tw/bikegang,bikegang.sg,bikegang.my,https://shopee.sg/bikegang.sg,https://shopee.com.my/bikegang.my,182311758,182311747,bikegang-BIKEgang x è¦çš®å°ç£è·¨å¢ƒ,-,https://docs.google.com/spreadsheets/d/1EiUs_xoqReHpkwlaF_ZJuN4AM9xLQHdSe2LRah33Lgs/edit?usp=drivesdk,line,BIKEgang x è¦çš®è·¨å¢ƒ,FALSE,
83024609,83026087,C2C,Books & Magazines,readingstore0626,ã€é–±è®€BOOKã€‘å„ªè³ªæ›¸å±•åœ˜è³¼,https://shopee.tw/readingstore0626,readingstore0626.sg,readingstore0626.my,https://shopee.sg/readingstore0626.sg,https://shopee.com.my/readingstore0626.my,195794365,195794342,readingstore0626-ã€é–±è®€BOOKã€‘å„ªè³ªæ›¸å±•åœ˜è³¼ x è¦çš®å°ç£è·¨å¢ƒ,-,https://docs.google.com/spreadsheets/d/1hJyn_rbmUP29Ag2Cwtlq7kNWsad-4mSGuGaxFoueTRc/edit?usp=drivesdk,line,,FALSE,
960481,961156,Mall,Home & Living,nornstw,Norns,https://shopee.tw/nornstw,nornstw.sg,nornstw.os,https://shopee.sg/nornstw.sg,https://shopee.com.my/nornstw.os,132644135,133246531,nornstw-Norns x è¦çš®å°ç£è·¨å¢ƒ,-,https://docs.google.com/spreadsheets/d/11R6HCgLUwIaRH3jL4RjOWOcsHGk61RhUEeUY1yEDfbc/edit?usp=drivesdk,SK,Norns x è¦çš®å°ç£è·¨å¢ƒ,TRUE,
10228173,10229470,C2C,Health,traceofwind3,å°ˆå“è—¥å±€,https://shopee.tw/traceofwind3,traceofwind3.sg,traceofwind3.os,https://shopee.sg/traceofwind3.sg,https://shopee.com.my/traceofwind3.os,117916697,115542599,traceofwind3-å°ˆå“è—¥å±€ x è¦çš®å°ç£è·¨å¢ƒ,-,https://docs.google.com/spreadsheets/d/1JfhMuPM15Vfxsc6pMkqpfp30AeTpJ4oknCawtZXdA1Y/edit?usp=drivesdk,line,,FALSE,
73078818,73080281,Mall,Women Shoes,gracegift.tw,Grace gift å®˜æ–¹æ——è‰¦åº—,https://shopee.tw/gracegift.tw,gracegift.sg,gracegift.os,https://shopee.sg/gracegift.sg,https://shopee.com.my/gracegift.os,129645609,127885794,gracegift.tw-Grace gift å®˜æ–¹æ——è‰¦åº— x è¦çš®å°ç£è·¨å¢ƒ,https://docs.google.com/spreadsheets/d/1OmeJilx8tN_Q-kigOQEJ4oMZMEFWJToJgXAvqYDdzZM/edit#gid=600688829,https://docs.google.com/spreadsheets/d/1uvvqOsclrjscfc15_LNuOJ8J1fFw4WiKBqtN0sH7L4w/edit?usp=drivesdk,line,,FALSE,
298057162,298076515,Mall,Home & Living,jmart.tw,ä½³ç‘ª J-Mart,https://shopee.tw/jmart.tw,jmart.sg,jmart.os,https://shopee.sg/jmart.sg,https://shopee.com.my/jmart.os,332239211,332239788,jmart.tw-ä½³ç‘ª J-Mart x è¦çš®å°ç£è·¨å¢ƒ,https://docs.google.com/spreadsheets/d/13YljXkrcauk_edleNs1oLDlT1_tTXjVM9mdYpseB4wE/edit#gid=2120086484,https://docs.google.com/spreadsheets/d/1jUhlS5nWsadqY5xeK_Po2E2_VKhFSRSFvIlmKUmPRs8/edit?usp=drivesdk,line,Jmart x è¦çš®å°ç£è·¨å¢ƒ,FALSE,
4259848,4261132,C2C,Sports & Outdoors,hiic0824,ğŸ®ç‰›å°å¦¹é‡£å…·ğŸ®,https://shopee.tw/hiic0824,hiic0824.sg,hiic0824.my,https://shopee.sg/hiic0824.sg,https://shopee.com.my/hiic0824.my,201780788,201780776,hiic0824-ğŸ®ç‰›å°å¦¹é‡£å…·ğŸ® x è¦çš®å°ç£è·¨å¢ƒ,-,https://docs.google.com/spreadsheets/d/1aoVAoyXQ72hoOpTrjoUwtPB4fhQHASuEMBhX1pu5oiw/edit?usp=drivesdk,èŠèŠ,,FALSE,
100291901,100293379,Preferred,Sports & Outdoors,h105410270,é„­å“¥é‡£å…· æ»¿é¡å…é‹è²» é‡£å…·ç”¨å“å…¨é¢å„ªæƒ ä¸­,https://shopee.tw/h105410270,h105410270yj.sg,h1054102700d.my,https://shopee.sg/h105410270yj.sg,https://shopee.com.my/h1054102700d.my,811417763,811416830,h105410270-é„­å“¥é‡£å…· æ»¿é¡å…é‹è²» é‡£å…·ç”¨å“å…¨é¢å„ªæƒ ä¸­ x è¦çš®å°ç£è·¨å¢ƒ,-,https://docs.google.com/spreadsheets/d/1fQxjgV1ZCG88NsQrJF1ac_ndCorFwqVswY0W3CGlWgc/edit?usp=drivesdk,line,,FALSE,
11177435,11178735,C2C,Sports & Outdoors,119bike,119bike & 911cafe & æœå§å’–å•¡,https://shopee.tw/119bike,119bike.sg,119bike.my,https://shopee.sg/119bike.sg,https://shopee.com.my/119bike.my,292854322,292854014,119bike-119bike & 911cafe & æœå§å’–å•¡ x è¦çš®å°ç£è·¨å¢ƒ,-,https://docs.google.com/spreadsheets/d/1wCRIID-niTOP7kntyUJrnQcx5wJpEAoPF6-wqIFWmm8/edit?usp=drivesdk,line,,FALSE,
3949761,3951044,C2C,Stationery,namiki_mont,é‹¼ç­†æ–‡å…·å°ˆé–€åº—,https://shopee.tw/namiki_mont,namiki_mont.sg,namiki_mont.my,https://shopee.sg/namiki_mont.sg,https://shopee.com.my/namiki_mont.my,205862164,205862150,namiki_mont-é‹¼ç­†æ–‡å…·å°ˆé–€åº— x è¦çš®å°ç£è·¨å¢ƒ,-,https://docs.google.com/spreadsheets/d/1MNn9lRbVIpNyk33EQFZxUmkciCvjdBZNoXVDgmSYLX8/edit?usp=drivesdk,line,é‹¼ç­†æ–‡å…·å°ˆé–€åº— X è¦çš®å°ç£è·¨å¢ƒ,FALSE,
14712047,14713351,Preferred,Sports & Outdoors,geniussosa,é‡çƒå°ˆè³£,https://shopee.tw/geniussosa,geniussosa.sg,geniussosa.my,https://shopee.sg/geniussosa.sg,https://shopee.com.my/geniussosa.my,280188819,280189141,geniussosa-é‡çƒå°ˆè³£ x è¦çš®å°ç£è·¨å¢ƒ,-,https://docs.google.com/spreadsheets/d/1S4-jsHZwu7EoK99GXYJqPNWOPsy8xuGazBDIT3XRPPg/edit?usp=drivesdk,line,é‡çƒå°ˆè³£Xè¦çš®å°ç£è·¨å¢ƒ,TRUE,
6440668,6441980,Mall,Gaming & Consoles,esunfon,ç‰å±±æœ€ä½æ¯”åƒ¹ç¶²,https://shopee.tw/esunfon,esunfon.sg,esunfon.my,https://shopee.sg/esunfon.sg,https://shopee.com.my/esunfon.my,193505395,193505376,esunfon-ç‰å±±æœ€ä½æ¯”åƒ¹ç¶² x è¦çš®å°ç£è·¨å¢ƒ,-,https://docs.google.com/spreadsheets/d/1_n-naVB9UtutkpDegvl5HyR0LGCJY21rKfKvpBIpws8/edit?usp=drivesdk,line,ç‰å±±æœ€ä½æ¯”åƒ¹ç¶² X è¦çš®å°ç£è·¨å¢ƒ,FALSE,
134201648,134203472,C2C,Hobbies & Collections,large168,eYeCam é‹¼æ™®æ‹‰ æ¨¡å‹ / 3Cå™¨æ,https://shopee.tw/large168,large168.sg,large168.my,https://shopee.sg/large168.sg,https://shopee.com.my/large168.my,296263726,296262478,large168-eYeCam é‹¼æ™®æ‹‰ æ¨¡å‹ / 3Cå™¨æ x è¦çš®å°ç£è·¨å¢ƒ,-,https://docs.google.com/spreadsheets/d/1jq4QNrZf7X8xUq9HHYLNekbjz66pD6ATkNlnDCFpipA/edit?usp=drivesdk,èŠèŠ,,FALSE,
10969408,10970708,C2C,Home & Living,lucinda3337,å’ªå‹’ç”Ÿæ´»æ—¥èˆ–,https://shopee.tw/lucinda3337,lucinda3337.sg,lucinda3337.my,https://shopee.sg/lucinda3337.sg,https://shopee.com.my/lucinda3337.my,278347926,278347373,lucinda3337-å’ªå‹’ç”Ÿæ´»æ—¥èˆ– x è¦çš®å°ç£è·¨å¢ƒ,-,https://docs.google.com/spreadsheets/d/1jnvu_CZWHqvKrlaY1C8HRGgcV3s4O-4GLRfgcYxqxS8/edit?usp=drivesdk,èŠèŠ,,FALSE,
8365089,8366385,Preferred,Food & Beverages,sunnybuy2016,Sunny Buy å­«è¨˜æ´‹è¡Œ-ä¸»é¤¨,https://shopee.tw/sunnybuy2016,sunnybuy2016.sg,sunnybuy2016.my,https://shopee.sg/sunnybuy2016.sg,https://shopee.com.my/sunnybuy2016.my,227073065,227073053,sunnybuy2016-Sunny Buy å­«è¨˜æ´‹è¡Œ-ä¸»é¤¨ x è¦çš®å°ç£è·¨å¢ƒ,-,https://docs.google.com/spreadsheets/d/1FkvUZYIp85Q7MRsPLW4nkco8x-9Em8y1OjYxrahumkI/edit?usp=drivesdk,line,Sunny Buyå­«è¨˜æ´‹è¡Œ-ä¸»é¤¨ x è¦çš®å°ç£è·¨å¢ƒ,FALSE,
36195565,36196949,Mall,Health,a27139200,ç«‹èµ«å¥ä¿è—¥å±€ HELLO PHARMACY,https://shopee.tw/a27139200,a27139200.sg,a27139200.os,https://shopee.sg/a27139200.sg,https://shopee.com.my/a27139200.os,316222954,316222301,a27139200-ç«‹èµ«å¥ä¿è—¥å±€ HELLO PHARMACY x è¦çš®å°ç£è·¨å¢ƒ,https://docs.google.com/spreadsheets/d/1NY4PHSPyuQBoOuxte_dkuit4tsBVkc9KfgisrlvZArQ/edit#gid=1812431031,https://docs.google.com/spreadsheets/d/1NUfRRcgm0EkT1wS9Q9j5zXk0VACsD5TwjAffnzODZbU/edit?usp=drivesdk,line,è·¨å¢ƒç«‹èµ«è¦çš®å•†åŸç¾¤ x è¦çš®å°ç£è·¨å¢ƒ,FALSE,
56889157,56890581,C2C,Beauty,ishop0101,ishop0101,https://shopee.tw/ishop0101,ishop0101.sg,ishop0101.my,https://shopee.sg/ishop0101.sg,https://shopee.com.my/ishop0101.my,182261336,182261322,ishop0101-ishop0101 x è¦çš®å°ç£è·¨å¢ƒ,https://docs.google.com/spreadsheets/d/1E4FbsdwqltTt2qb13vGV4fFpV24u-4z6mUoAaOlj8jM/edit#gid=0,https://docs.google.com/spreadsheets/d/122rBKmKnS8kbJ8RAAxFZgYanhsDxEoiuLLp51Lxo2nI/edit?usp=drivesdk,line,ishop0101 X è¦çš®å°ç£è·¨å¢ƒ,TRUE,
3132359,3133696,C2C,Stationery,skypetoy,å„ªè³¼ç²¾å“é¤¨,https://shopee.tw/skypetoy,skypetoy.sg,skypetoy.my,https://shopee.sg/skypetoy.sg,https://shopee.com.my/skypetoy.my,182308456,182308440,skypetoy-å„ªè³¼ç²¾å“é¤¨ x è¦çš®å°ç£è·¨å¢ƒ,-,https://docs.google.com/spreadsheets/d/1HU59ZXA236RbcSpMiIo_heiYl9RMFS7FG94cioY3g1M/edit?usp=drivesdk,line,å„ªè³¼ç²¾å“é¤¨ X è¦çš®å°ç£è·¨å¢ƒ,FALSE,
12518077,12519380,C2C,Food & Beverages,chara.mart,ã€ŠChara å¾®ç™¾è²¨ã€‹ æœ‰æŠ˜æ‰£ç¢¼ å¯æŠµé‹è²» æ­¡è¿æ‰¹ç™¼ åœ˜è³¼,https://shopee.tw/chara.mart,chara.mart.sg,chara.mart.my,https://shopee.sg/chara.mart.sg,https://shopee.com.my/chara.mart.my,231074481,231074473,chara.mart-ã€ŠChara å¾®ç™¾è²¨ã€‹ æœ‰æŠ˜æ‰£ç¢¼ å¯æŠµé‹è²» æ­¡è¿æ‰¹ç™¼ åœ˜è³¼ x è¦çš®å°ç£è·¨å¢ƒ,-,https://docs.google.com/spreadsheets/d/1zA9lm6LEONyfTS8F3dXp9ArlTwmBP_vwv8Zr2oBtiDE/edit?usp=drivesdk,line,Chara å¾®ç™¾è²¨ x å°ç£è¦çš®è·¨å¢ƒ,FALSE,
165218129,165220335,Preferred,Stationery,betteryue,ğŸ”† è¶Šæœˆå„ªå“ ğŸ”† å®‰å…¨å¸½ / è¿ªå£«å°¼ / å¡å¨œèµ«æ‹‰ / EVO / è§’è½ç”Ÿç‰©,https://shopee.tw/betteryue,betteryue.sg,betteryue.my,https://shopee.sg/betteryue.sg,https://shopee.com.my/betteryue.my,352941495,352936533,betteryue-ğŸ”† è¶Šæœˆå„ªå“ ğŸ”† å®‰å…¨å¸½ / è¿ªå£«å°¼ / å¡å¨œèµ«æ‹‰ / EVO / è§’è½ç”Ÿç‰© x è¦çš®å°ç£è·¨å¢ƒ,-,https://docs.google.com/spreadsheets/d/1eKpnrs4PBSi6nGtF2_crWciZSXyYTmX2sw3iR5eBRt4/edit?usp=drivesdk,line,è¶Šæœˆå„ªå“ x è¦çš®å°ç£è·¨å¢ƒ,FALSE,
6903985,6905277,Preferred Seller,Hobbies & Collections,jiae168,å››é©…åšå£«å­¸æ ¡_TW,https://shopee.tw/jiae168,jiae168.sg,jiae168.my,https://shopee.sg/jiae168.sg,https://shopee.com.my/jiae168.my,344686281,344686874,jiae168-å››é©…åšå£«å­¸æ ¡_TW x è¦çš®å°ç£è·¨å¢ƒ,-,https://docs.google.com/spreadsheets/d/1qSdDEik2Ntom6GIX4-PKQFd8Be80bOQ5dZW3lU33EUs/edit?usp=drivesdk,line,å››é©…åšå£«å­¸æ ¡_TW x è¦çš®å°ç£è·¨å¢ƒ,TRUE,
106973794,106975272,Mall,Sports & Outdoors,acrossports,ACS æˆ¶å¤–é‹å‹•ç”¨å“,https://shopee.tw/acrossports,acrossports.sg,acrossports.os,https://shopee.sg/acrossports.sg,https://shopee.com.my/acrossports.os,184639455,184639443,acrossports-ACS æˆ¶å¤–é‹å‹•ç”¨å“ x è¦çš®å°ç£è·¨å¢ƒ,https://docs.google.com/spreadsheets/d/1IzEvpIEPOwEBjUZDsbBAfCvWZLni5UpT8nlEn--kkmk/edit#gid=1981905721,https://docs.google.com/spreadsheets/d/1uuXqvBkW116VHxNTKr_vccAficch4jM2k9BvduYSC6c/edit?usp=drivesdk,line,ACS è·¨é‹å‹• x è¦çš®å°ç£è·¨å¢ƒ,FALSE,
211208801,211212365,Mall,Books & Magazines,eslite.tw,eslite èª å“,https://shopee.tw/eslite.tw,eslite.sg,eslite.os,https://shopee.sg/eslite.sg,https://shopee.com.my/eslite.os,308085410,308085880,eslite.tw-eslite èª å“ x è¦çš®å°ç£è·¨å¢ƒ,https://docs.google.com/spreadsheets/d/1ES0HWqs1vL5tRODoe8CxowA7YPbF55dDy1L0cH8IGGA/edit#gid=1870845689,https://docs.google.com/spreadsheets/d/1YEDl5A3zngAadkd0HAkTx2lu-kXNTBKWTvB78r1cTV4/edit?usp=drivesdk,line,èª å“ x è¦çš®å°ç£è·¨å¢ƒ,TRUE,åŒå‰å°ç¾å”®åƒ¹
1815915,1817246,Mall,Health,writehiphop,å…ƒåº·è—¥å±€,https://shopee.tw/writehiphop,writehiphop.sg,writehiphop.my,https://shopee.sg/writehiphop.sg,https://shopee.com.my/writehiphop.my,231060687,231060673,writehiphop-å…ƒåº·è—¥å±€ x è¦çš®å°ç£è·¨å¢ƒ,-,https://docs.google.com/spreadsheets/d/1O_XYW5vfwI7Fv-yFSY_t6_Iy0KJTxegecwXyugdpXoE/edit?usp=drivesdk,line,å…ƒåº·å¥ä¿è—¥å±€ X è¦çš®å°ç£è·¨å¢ƒ,FALSE,
42458033,42459419,Mall,Books & Magazines,sanminbook,ä¸‰æ°‘æ›¸å±€,https://shopee.tw/sanminbook,sanminbook.sg,sanminbook.os,https://shopee.sg/sanminbook.sg,https://shopee.com.my/sanminbook.os,258593140,258593121,sanminbook-ä¸‰æ°‘æ›¸å±€ x è¦çš®å°ç£è·¨å¢ƒ,-,https://docs.google.com/spreadsheets/d/1vDpr6RHeHWiW6R6Dsocpc5opLF6CqOQBJUu3eC5Q02M/edit?usp=drivesdk,SK,,FALSE,
160058902,160060959,C2C,Sports & Outdoors,tomcatf14,æ–°ç«¹æ¹¯å§†è²“å–®è»Š,https://shopee.tw/tomcatf14,tomcatf14.sg,tomcatf14.my,https://shopee.sg/tomcatf14.sg,https://shopee.com.my/tomcatf14.my,215566468,215566458,tomcatf14-æ–°ç«¹æ¹¯å§†è²“å–®è»Š x è¦çš®å°ç£è·¨å¢ƒ,-,https://docs.google.com/spreadsheets/d/1GoV4CDbTerGWQKv8wLIcKzLhVogCBVi_Vb2hh5wAK2o/edit?usp=drivesdk,(æ¹¯å§†è²“å–®è»Š)line,æ¹¯å§†è²“å–®è»Š x å°ç£è¦çš®è·¨å¢ƒ,FALSE,
15542159,15543495,Preferred,Hobbies & Collections,kellyhsu536,gippro å…ƒæ°£æ£’,https://shopee.tw/kellyhsu536,kellyhsu536.sg,kellyhsu536.my,https://shopee.sg/kellyhsu536.sg,https://shopee.com.my/kellyhsu536.my,296264586,296262966,kellyhsu536-gippro å…ƒæ°£æ£’ x è¦çš®å°ç£è·¨å¢ƒ,-,https://docs.google.com/spreadsheets/d/1xlICiFDULedkJ6n7q2ACRSGq8gUk7Kg-WJQoxC6LVqQ/edit?usp=drivesdk,(è¶…èŒè¡ŒéŠ·)line,è¶…èŒè¡ŒéŠ· X è¦çš®å°ç£è·¨å¢ƒ,FALSE,
20570968,20572304,Mall,Books & Magazines,tcsb.tw,å¢Šè…³çŸ³è³¼ç‰©ç¶²,https://shopee.tw/tcsb.tw,tcsb.sg,tcsb.tw.os,https://shopee.sg/tcsb.sg,https://shopee.com.my/tcsb.tw.os,184636520,184636498,tcsb.tw-å¢Šè…³çŸ³è³¼ç‰©ç¶² x è¦çš®å°ç£è·¨å¢ƒ,https://docs.google.com/spreadsheets/d/14KuAkni27fxur5P8R25FNdnFCRgIO2zgNOHArzGKFYE/edit#gid=1520189392,https://docs.google.com/spreadsheets/d/1Ja43nmGMhcbgTetu3u125mEs80bh9QG9QqgkQjKfP_Q/edit?usp=drivesdk,line,å¢Šè…³çŸ³ x è¦çš®å°ç£è·¨å¢ƒ,FALSE,
21757442,21758778,Mall,Beauty,paris.ting,å·´é»ä¸-æ³•åœ‹ç¾å¦å°ˆè³£,https://shopee.tw/paris.ting,paris.ting.sg,paris.ting.os,https://shopee.sg/paris.ting.sg,https://shopee.com.my/paris.ting.os,212058252,212058239,paris.ting-å·´é»ä¸-æ³•åœ‹ç¾å¦å°ˆè³£ x è¦çš®å°ç£è·¨å¢ƒ,-,https://docs.google.com/spreadsheets/d/1wrBUyhqyRxAIjDOqJXQrM_3ha7QRkoLMCWPVffYmT-8/edit?usp=drivesdk,SK,å·´é»ä¸ X è¦çš®å°ç£è·¨å¢ƒ,FALSE,
8547692,8548988,C2C,Women Shoes,toby0525104,å¯Œç™¼ç‰Œåœ‹æ°‘é‹,https://shopee.tw/toby0525104,toby0525104.sg,toby0525104.my,https://shopee.sg/toby0525104.sg,https://shopee.com.my/toby0525104.my,213615210,213615199,toby0525104-å¯Œç™¼ç‰Œåœ‹æ°‘é‹ x è¦çš®å°ç£è·¨å¢ƒ,-,https://docs.google.com/spreadsheets/d/1haxdaZ22R44Fzq0-4S8PEKkpPJSSmPF-snw7m8MOAGo/edit?usp=drivesdk,line,å¯Œç™¼ç‰Œåœ‹æ°‘é‹toby0525104 x å°ç£è¦çš®è·¨å¢ƒ,TRUE,
8960576,8961872,Preferred,Home & Living,jarry0417,éå¸¸èƒå“¥-å–®è»Šå°ˆè³£åº—,https://shopee.tw/jarry0417,jarry0417.sg,jarry0417.my,https://shopee.sg/jarry0417.sg,https://shopee.com.my/jarry0417.my,191414103,191414049,jarry0417-éå¸¸èƒå“¥-å–®è»Šå°ˆè³£åº— x è¦çš®å°ç£è·¨å¢ƒ,https://docs.google.com/spreadsheets/d/1Ut0Pf43VMcQN4bnusdmnGKCxXuoAyXHHY4S3GfuW-sU/edit#gid=0,https://docs.google.com/spreadsheets/d/18lFkW0XAfrKBtW8ibS_oe-qCFjnUXR_DYvp05u__1yk/edit?usp=drivesdk,line,å¯Œå£«é€šè²© X è¦çš®è·¨å¢ƒ,TRUE,
213510694,213514404,Preferred,Sports & Outdoors,yuan_feng,æºè±ç¶²è·¯é‡£å…·,https://shopee.tw/yuan_feng,yuan_feng.sg,yuan_feng.my,https://shopee.sg/yuan_feng.sg,https://shopee.com.my/yuan_feng.my,284249683,284249900,yuan_feng-æºè±ç¶²è·¯é‡£å…· x è¦çš®å°ç£è·¨å¢ƒ,-,https://docs.google.com/spreadsheets/d/14IgBJuSwARWw6L7N-k0SWrnOVRjU_-hHuVjb4LQRUDs/edit?usp=drivesdk,line,æºè±ç¶²è·¯é‡£å…·Xè¦çš®å°ç£è·¨å¢ƒ,FALSE,
19788054,19789390,Mall,Food & Beverages,fe_amart,æ„›è²·,https://shopee.tw/fe_amart,fe_amart.sg,fe_amart.os,https://shopee.sg/fe_amart.sg,https://shopee.com.my/fe_amart.os,322632799,322628900,fe_amart-æ„›è²· x è¦çš®å°ç£è·¨å¢ƒ,https://docs.google.com/spreadsheets/d/1ZcwlaKjVEhXlEPYaDP2IPhxd0YCQbRFyv0EVrWFcM48/edit#gid=1723043733,https://docs.google.com/spreadsheets/d/1EwXz9nN6nqedRPTrpUuu_EqRKvq1pKA2FbehEAUxE0s/edit?usp=drivesdk,line,æ„›è²· x è¦çš®å°ç£è·¨å¢ƒ,FALSE,
13735088,13736391,Mall,Sports & Outdoors,cinemark0621,æ¨‚è²·ç¶²,https://shopee.tw/cinemark0621,cinemark0621.sg,cinemark0621.os,https://shopee.sg/cinemark0621.sg,https://shopee.com.my/cinemark0621.os,212061312,212061300,cinemark0621-æ¨‚è²·ç¶² x è¦çš®å°ç£è·¨å¢ƒ,https://docs.google.com/spreadsheets/d/14D_uB9aTCwq47ybj03FRNen9Ph3HC_I_EAdSwdO4l1w/edit#gid=0,https://docs.google.com/spreadsheets/d/1r_DtSObhqRkFCbTonBOcjCwhfdafQC7mEnoyxdM2zx8/edit?usp=drivesdk,line,æ¨‚è²·ç¶²(outlet) x è¦çš®å°ç£è·¨å¢ƒ,TRUE,
11359814,11361114,Preferred,Hobbies & Collections,sbridgeyang,å¿«ä¾†è²·æˆ°é¬¥é™€èº,https://shopee.tw/sbridgeyang,sbridgeyang.sg,sbridgeyang.my,https://shopee.sg/sbridgeyang.sg,https://shopee.com.my/sbridgeyang.my,414002004,414002404,sbridgeyang-å¿«ä¾†è²·æˆ°é¬¥é™€èº x è¦çš®å°ç£è·¨å¢ƒ,-,https://docs.google.com/spreadsheets/d/1-yYisT6ffy3jYW2u6Zwi8VmIsyDxXqhEjwsVzwIhh4s/edit?usp=drivesdk,line,å¿«ä¾†è²·æˆ°é¬¥é™€èº x å°ç£è¦çš®è·¨å¢ƒ,FALSE,
61886788,61888230,C2C,Beauty,tina581122,tina581122,https://shopee.tw/tina581122,tina581122.sg,tina581122.my,https://shopee.sg/tina581122.sg,https://shopee.com.my/tina581122.my,280188767,280189076,tina581122-tina581122 x è¦çš®å°ç£è·¨å¢ƒ,-,https://docs.google.com/spreadsheets/d/10VB9Z76XxhXoX2D2obsCfhkCnu8F41FuYU4SLSu7awY/edit?usp=drivesdk,line,tina581122 X è¦çš®å°ç£è·¨å¢ƒ,FALSE,
7069178,7070470,Preferred,Sports & Outdoors,fishtool2012,ä¸­å£¢é´»æµ·é‡£å…·,https://shopee.tw/fishtool2012,fishtool2012.sg,fishtool2012.my,https://shopee.sg/fishtool2012.sg,https://shopee.com.my/fishtool2012.my,229065494,229065478,fishtool2012-ä¸­å£¢é´»æµ·é‡£å…· x è¦çš®å°ç£è·¨å¢ƒ,-,https://docs.google.com/spreadsheets/d/1tGtMGxYbdPvMe0fIN952p0HAHBBO7BihG68h3tLY0Eg/edit?usp=drivesdk,line,ä¸­å£¢é´»æµ·é‡£å…· x å°ç£è¦çš®è·¨å¢ƒ,FALSE,
11749984,11751286,Preferred,Food & Beverages,sunnybuy2017,Sunny Buy å­«è¨˜æ´‹è¡Œ-ä¸»é¤¨ II,https://shopee.tw/sunnybuy2017,sunnybuy2017.sg,sunnybuy2017.my,https://shopee.sg/sunnybuy2017.sg,https://shopee.com.my/sunnybuy2017.my,236953272,236953259,sunnybuy2017-Sunny Buy å­«è¨˜æ´‹è¡Œ-ä¸»é¤¨ II x è¦çš®å°ç£è·¨å¢ƒ,-,https://docs.google.com/spreadsheets/d/18on8F7E0MGCctNeeD-mI-07LxLJP2eFDL8wo0E2uVNE/edit?usp=drivesdk,line,Sunny Buyå­«è¨˜æ´‹è¡Œ-ä¸»é¤¨ x è¦çš®å°ç£è·¨å¢ƒ,FALSE,
19270594,19271930,Preferred,Pets,a0980750994,æ³¢åŠ›é¸šéµ¡ç©å…·ç”Ÿæ´»é¤¨,https://shopee.tw/a0980750994,a0980750994.sg,a0980750994.my,https://shopee.sg/a0980750994.sg,https://shopee.com.my/a0980750994.my,284249726,284249950,a0980750994-æ³¢åŠ›é¸šéµ¡ç©å…·ç”Ÿæ´»é¤¨ x è¦çš®å°ç£è·¨å¢ƒ,-,https://docs.google.com/spreadsheets/d/1cBQ29E3H_-QkQW5U9ye1jM99yRChDWw9A2aBkUbLzUc/edit?usp=drivesdk,line,æ³¢åŠ›é¸šéµ¡ç©å…·ç”Ÿæ´»é¤¨ x è¦çš®å°ç£è·¨å¢ƒ,FALSE,
60780669,60782111,Mall,Mom & Baby,small919800,å¨ƒå¨ƒè³¼è¦çš®å•†åŸ,https://shopee.tw/small919800,small919800.sg,wawago.os,https://shopee.sg/small919800.sg,https://shopee.com.my/wawago.os,117918452,115544774,small919800-å¨ƒå¨ƒè³¼è¦çš®å•†åŸ x è¦çš®å°ç£è·¨å¢ƒ,https://docs.google.com/spreadsheets/d/1srn8K4tkyY6YgoCiDuBKhmAIHE1i85UmW8VOXYPfI8s/edit#gid=430310052,https://docs.google.com/spreadsheets/d/1YWyoCqr4IjG7u2qRoc847Ds2jYFw0eKEG9SHyCgO_fI/edit?usp=drivesdk,line,è¦çš®å°ç£è·¨å¢ƒ X å¨ƒå¨ƒè³¼/HORACE,FALSE,
4864092,4865382,C2C,Sports & Outdoors,advangear,å±±é“å…·å±‹-ç™»å±±ç”¨å“å°ˆè³£-å°åŒ—å¤©æ¯å¯¦é«”å€‰åº«,https://shopee.tw/advangear,advangear.sg,advangear.my,https://shopee.sg/advangear.sg,https://shopee.com.my/advangear.my,352941606,352936653,advangear-å±±é“å…·å±‹-ç™»å±±ç”¨å“å°ˆè³£-å°åŒ—å¤©æ¯å¯¦é«”å€‰åº« x è¦çš®å°ç£è·¨å¢ƒ,-,https://docs.google.com/spreadsheets/d/111_KvJNlvZEkLAAzE2qdxKKiL1zKkbyw8MYjoqN3wVo/edit?usp=drivesdk,line,,FALSE,
4278882,4280166,Preferred,Hobbies & Collections,nickstore,NickStore,https://shopee.tw/nickstore,nickstore.sg,nickstore.my,https://shopee.sg/nickstore.sg,https://shopee.com.my/nickstore.my,205880371,205880347,nickstore-NickStore x è¦çš®å°ç£è·¨å¢ƒ,-,https://docs.google.com/spreadsheets/d/1vG5YAFe_eEeSv0gwqkD_Od54ezQQxcmsQo-trNS8OV4/edit?usp=drivesdk,line,NickStore x å°ç£è¦çš®è·¨å¢ƒ,TRUE,
51122271,51123659,Preferred,Pets,cat980607,"888æ±ªå–µå¯µç‰©å°é‹ª~è—»Xç•™,è—»Xæ²›,éª¨åŠ›å‹,æ—¥æœ¬Xè—¥è¶…è¶…å„ªæƒ åƒ¹!!",https://shopee.tw/cat980607,cat980607.sg,cat980607.my,https://shopee.sg/cat980607.sg,https://shopee.com.my/cat980607.my,301756320,301755650,"cat980607-888æ±ªå–µå¯µç‰©å°é‹ª~è—»Xç•™,è—»Xæ²›,éª¨åŠ›å‹,æ—¥æœ¬Xè—¥è¶…è¶…å„ªæƒ åƒ¹!! x è¦çš®å°ç£è·¨å¢ƒ",-,https://docs.google.com/spreadsheets/d/15hb7_J7-YgY7HMz2mNgkW3An6kbpUjzNoYCY9yUXsao/edit?usp=drivesdk,line,,FALSE,
20186406,20187742,Mall,Food & Beverages,tw9643_13624,æ…¶é­šå ‚-ç¾é£Ÿé¤¨,https://shopee.tw/tw9643_13624,tw9643_13624.sg,tw9643_13624.my,https://shopee.sg/tw9643_13624.sg,https://shopee.com.my/tw9643_13624.my,184633880,184633860,tw9643_13624-æ…¶é­šå ‚-ç¾é£Ÿé¤¨ x è¦çš®å°ç£è·¨å¢ƒ,-,https://docs.google.com/spreadsheets/d/157woOuajRBBEqN6vnYMK7SzAmfXefUoyM4jCSPOD6qg/edit?usp=drivesdk,line,æ…¶é­šå ‚ x å°ç£è¦çš®è·¨å¢ƒ,FALSE,
1539219,1540363,C2C,Home & Living,b984000102,åš´é¸shopçƒ˜ç„™ç”¨å“å°ˆå®¶,https://shopee.tw/b984000102,b984000102.sg,b984000102.my,https://shopee.sg/b984000102.sg,https://shopee.com.my/b984000102.my,187003743,187003722,b984000102-åš´é¸shopçƒ˜ç„™ç”¨å“å°ˆå®¶ x è¦çš®å°ç£è·¨å¢ƒ,-,https://docs.google.com/spreadsheets/d/1tyd1RBdPicR_C5QC8NQRbkg82AYXCafv4pFHsX7U_rg/edit?usp=drivesdk,line,åš´é¸shopçƒ˜ç„™ X è¦çš®å°ç£è·¨å¢ƒ,FALSE,
11664018,11665320,Preferred,Hobbies & Collections,renmao,M.M å°èˆ–,https://shopee.tw/renmao,renmao.sg,renmao1.my,https://shopee.sg/renmao.sg,https://shopee.com.my/renmao1.my,233197689,233197671,renmao-M.M å°èˆ– x è¦çš®å°ç£è·¨å¢ƒ,-,https://docs.google.com/spreadsheets/d/1hCILgP5ZrBPPYiyzzyRNpovUEGTQAVIA2VVJ44XQ_Jk/edit?usp=drivesdk,line,,FALSE,
4465078,4466366,Preferred,Hobbies & Collections,mymusicshop,ã€æ°‘æšæ¨‚å™¨ã€‘,https://shopee.tw/mymusicshop,mymusicshop.sg,mymusicshop.my,https://shopee.sg/mymusicshop.sg,https://shopee.com.my/mymusicshop.my,193506771,193506758,mymusicshop-ã€æ°‘æšæ¨‚å™¨ã€‘ x è¦çš®å°ç£è·¨å¢ƒ,-,https://docs.google.com/spreadsheets/d/1XZ1PGLRslRtYoF6L0ijx6CpaTezbnNCdh5rhUXNjSCI/edit?usp=drivesdk,line,,FALSE,
4561876,4563166,Preferred,Home & Living,y7699740525,é˜¿çŒ´é”å¯é”,https://shopee.tw/y7699740525,y7699740525o2.sg,y76997405256o.my,https://shopee.sg/y7699740525o2.sg,https://shopee.com.my/y76997405256o.my,608881758,608881334,y7699740525-é˜¿çŒ´é”å¯é” x è¦çš®å°ç£è·¨å¢ƒ,-,https://docs.google.com/spreadsheets/d/1pgkB8ZCetOXZe7CVJxQfuXa8EqlWIAKkCHtflvL9prs/edit?usp=drivesdk,line,é˜¿çŒ´é”å¯é” x  è¦çš®å°ç£è·¨å¢ƒ,FALSE,
12143562,12144864,Preferred,Home & Living,sky646812,åª½ç…®å¦™ home life å®¶åº­äº”é‡‘ç”Ÿæ´»ç™¾è²¨æ‰¹ç™¼,https://shopee.tw/sky646812,sky646812.sg,sky646812.my,https://shopee.sg/sky646812.sg,https://shopee.com.my/sky646812.my,316222825,316222483,sky646812-åª½ç…®å¦™ home life å®¶åº­äº”é‡‘ç”Ÿæ´»ç™¾è²¨æ‰¹ç™¼ x è¦çš®å°ç£è·¨å¢ƒ,-,https://docs.google.com/spreadsheets/d/1Nx8frsfkm3nRPM8cAF6alA5ysvGW_ak8ryD5tCpAX2E/edit?usp=drivesdk,line,åª½ç…®å¦™Xå°ç£è¦çš®è·¨å¢ƒ,FALSE,
60777152,60778594,Mall,Mom & Baby,winwin20180315,HORACEå©¦å¬°ç”¨å“å°ˆè³£åº—å•†åŸ,https://shopee.tw/winwin20180315,winwin20180315.sg,horace.os,https://shopee.sg/winwin20180315.sg,https://shopee.com.my/horace.os,117921438,115547211,winwin20180315-HORACEå©¦å¬°ç”¨å“å°ˆè³£åº—å•†åŸ x è¦çš®å°ç£è·¨å¢ƒ,https://docs.google.com/spreadsheets/d/1bELg8Wax3NcU5JtQK85VOId55qRqjekGzeVxVyUW8qw/edit#gid=625903575,https://docs.google.com/spreadsheets/d/1sFEsDhDadHYBKVdJgqI9GInceZ8IMmIWfrj46Zw22Dk/edit?usp=drivesdk,line (åŒå¨ƒå¨ƒè³¼),è¦çš®å°ç£è·¨å¢ƒ X å¨ƒå¨ƒè³¼/HORACE,TRUE,
151576468,151578294,Mall,Health & Beauty,iqueen.shop,iQueenæ„›å¥³äººè³¼ç‰©ç¶² å®˜æ–¹æ——è‰¦åº—,https://shopee.tw/iqueen.shop,iqueenshopoq.sg,iqueenshopli.my,https://shopee.sg/iqueenshopoq.sg,https://shopee.com.my/iqueenshopli.my,1028209185,1028208965,iqueen.shop-iQueenæ„›å¥³äººè³¼ç‰©ç¶² å®˜æ–¹æ——è‰¦åº— x è¦çš®å°ç£è·¨å¢ƒ,TBC è³£å®¶æœ‰å»º,,line ,,FALSE,
719405179,719424764,Mall,Health & Beauty,simply_tw,Simplyæ–°æ™®åˆ©é…µç´ å®˜æ–¹æ——è‰¦åº—,https://shopee.tw/simply_tw,simplytw36.sg,simplytwkk.my,https://shopee.sg/simplytw36.sg,https://shopee.com.my/simplytwkk.my,1032446322,1032446352,simply_tw-Simplyæ–°æ™®åˆ©é…µç´ å®˜æ–¹æ——è‰¦åº— x è¦çš®å°ç£è·¨å¢ƒ,TBC è³£å®¶æœ‰å»º,,line (åŒiqueen),,FALSE,